id_planeador;Cliente;Gestor;DC;PR;PD;FB;MT;OC;CE;Descripcion;Fecha_solicitud;Prioridad;Dificultad;Progreso;FL;Fecha_Estimada;Fecha_Entrega;Observaciones;Revision;Estado;Referencia
P0001;HLC;DSC;N;Y;Y;Y;N;N;N;--;2011-11-01 12:00:00;M;7;100;N;0000-00-00 00:00:00;2011-11-11 12:00:00;;;A;
P0002;Ecopetrol;NGM;Y;Y;Y;Y;N;N;N;--;2011-11-01 12:00:00;M;6;100;N;0000-00-00 00:00:00;2011-12-10 12:00:00;;;A;D-2173-11
P0003;Inder;DSC;N;Y;Y;N;N;N;N;--;2011-12-01 12:00:00;M;4;100;N;0000-00-00 00:00:00;2011-12-14 12:00:00;;;A;
P0004;Tecnintegral;NGM;N;Y;Y;N;N;N;N;--;2011-12-01 12:00:00;M;5;25;N;0000-00-00 00:00:00;2011-12-03 12:00:00;;;R;
P0005;Gyplac;DSC;N;Y;Y;Y;N;N;N;--;2011-12-15 12:00:00;M;3;100;N;0000-00-00 00:00:00;2011-12-20 12:00:00;;;A;D-2992-11
P0006;CNR;AGM;Y;Y;Y;Y;Y;N;Y;Banda alimentadora para equipos THOR;2011-12-22 12:00:00;MA;6;100;N;0000-00-00 00:00:00;2012-02-10 12:00:00;;;A;D-2995-11
P0007;Dicomo Ingeniería Ltda;FAP;N;Y;N;N;N;N;N;Estaciones de carga, impacto, retorno, auto alineantes.;2011-12-21 12:00:00;B;2;100;N;0000-00-00 00:00:00;2011-12-22 12:00:00;;;A;D-2991-11
P0008;Pacific Iron;JMR;N;N;Y;N;N;N;N;Calculo de potencias para bandas transportadoras del proyecto Pacific Iron;2011-11-23 12:00:00;MA;6;100;Y;2011-12-24 12:00:00;2011-12-24 12:00:00;Se hacen dos nuevas revisiones a las potencias debido a cambios realizados por el cliente.;;A;
P0009;Dicomo Ingeniería Ltda;FAP;N;Y;N;N;N;N;N;Estaciones de carga, impacto, retorno, auto alineantes.;2011-12-26 12:00:00;MB;2;10;N;0000-00-00 00:00:00;2011-12-28 12:00:00;;;C;
P0010;CemexBucaramanga;FAP;N;N;Y;N;N;N;N;Calculo de potencias para banda transportadora. 70 tph, 30 m.;2011-12-27 12:00:00;M;3;100;N;0000-00-00 00:00:00;2011-12-27 12:00:00;;;C;
P0011;--;FAP;N;Y;Y;Y;N;N;N;Banda transportadora 1750 m;2011-12-26 12:00:00;M;2;10;N;0000-00-00 00:00:00;2011-12-28 12:00:00;;;C;
P0012;Salgano Meléndez y Asociados;FAP;N;Y;Y;Y;Y;N;N;Bandas transportadoras de acuerdo a especificaciones, tolvas de transferencia, y chutes de sobretamaños.;2011-12-28 12:00:00;MA;7;100;N;0000-00-00 00:00:00;2012-01-02 12:00:00;;;A;D-3002-12
P0013;Sime Ingenieros;FAP;N;Y;N;N;N;N;N;Rodillos CEMA B.;2011-12-30 12:00:00;B;2;100;N;0000-00-00 00:00:00;2012-01-03 12:00:00;;;A;D-3004-12
P0014;Universidad Nacional;DSC;N;Y;N;Y;Y;N;N;Secador solar de acuerdo a indicaciones de planos.;2012-01-02 12:00:00;M;4;100;N;0000-00-00 00:00:00;2012-01-13 12:00:00;;;A;D-3012-12
P0015;High Class Corporation;DSC;N;Y;Y;Y;N;N;N;Fabricación de cama de rodillos para muebles.;2012-01-06 12:00:00;B;4;100;N;0000-00-00 00:00:00;2012-01-09 12:00:00;Se transfiere el presupuesto al gestor comercial;;C;D-3025-12
P0016;Cerrejón;AGM;Y;Y;N;N;Y;N;N;Prestación de servicios en mantenimiento de estaciones, raspadores primarios y secundarios.;2012-01-06 12:00:00;MA;10;100;N;0000-00-00 00:00:00;2012-01-25 12:00:00;Solo se envión información de personal y financiera para la creación del consorcio.;R4;A;D-3038-12
P0017;Cerro Matoso;AGM;Y;Y;N;N;N;N;N;Prestación de servicios de ingeniería, en consorcio con empresa.;2012-01-18 12:00:00;A;8;100;N;0000-00-00 00:00:00;2012-01-20 12:00:00;Solo se envión información de personal y financiera para la creación del consorcio.;;A;
P0018;Ingeniería de Vías;FAP;N;Y;N;N;N;N;N;Zaranda 5' x 16' x 3 deck;2012-01-19 12:00:00;B;2;10;N;0000-00-00 00:00:00;2012-01-21 12:00:00;Se transfiere el caso al gestor comercial;;C;
P0019;Brinza S.A.;AGM;N;Y;Y;Y;N;N;N;Equipos en acero inoxidable, Zaranda 3' x 6' x 2 deck, tornillo transportador 2 TPH x 2 m, tornillo transportador 2 TPH x 6 m.;2012-01-20 12:00:00;M;6;100;N;0000-00-00 00:00:00;2012-01-31 12:00:00;;R1;A;D-3050-12
P0020;Industrias Protón;DSC;N;Y;N;Y;N;N;Y;--;2012-01-20 12:00:00;M;4;45;N;0000-00-00 00:00:00;2012-01-21 12:00:00;;;C;
P0021;Ingeniería de Vías;AGM;N;Y;N;N;N;N;N;Zaranda 4' x 14' horizontal y zaranda 5' x 16' horizontal;2012-01-23 12:00:00;M;3;100;N;0000-00-00 00:00:00;2012-01-23 12:00:00;;;A;D-3021-12
P0022;Denis Pedraza;AGM;N;Y;N;Y;N;N;N;Bujes bipartidos para centrador de tornillos en SAE-64;2012-01-25 12:00:00;B;2;100;N;0000-00-00 00:00:00;2012-01-30 12:00:00;;;A;D-3049-12
P0023;Ingeocc;FAP;N;Y;N;N;N;N;N;Mallas para noria;2012-01-30 12:00:00;M;3;100;N;0000-00-00 00:00:00;2012-02-03 12:00:00;El cliente desconoce las dimensiones exactas de las mallas, por lo tanto quedamos a espera de su respuesta en el tema.;;A;D-3061-12
P0024;Vulcatec;FAP;N;Y;N;N;N;N;N;Cauchos linatex de distintos espesores;2012-02-03 12:00:00;A;2;100;N;0000-00-00 00:00:00;2012-02-03 12:00:00;;;A;D-3058-12
P0025;Codecam;FAP;N;Y;Y;Y;N;N;N;Tornillo transportador horizontal de 1,5 m ;2012-02-03 12:00:00;B;4;100;N;0000-00-00 00:00:00;2012-02-04 12:00:00;;;A;D-3068-12
P0026;CNR;AGM;Y;Y;N;N;N;N;N;Repuestos para equipo THOR;2012-02-03 12:00:00;MA;2;100;N;0000-00-00 00:00:00;2012-02-03 12:00:00;;;A;
P0027;Cemex;FAP;Y;Y;N;Y;Y;N;N;Banda transportadora con puente con doble pasarela;2012-02-04 12:00:00;MA;7;100;Y;2012-03-05 12:00:00;2012-03-03 12:00:00;Se ha usado un factor de servicio de 1,5 para el calculo del peso de la estructura. Finalmente se ha enviado la versión final a Fredy para su revisión y envió.;R2;A;
P0028;Israel Navarro;DSC;N;Y;Y;Y;Y;N;N;Elevadores de cangilones para proyecto de Nicaragua.;2012-02-04 12:00:00;M;5;15;N;0000-00-00 00:00:00;2012-02-06 12:00:00;Se le solicitó al cliente completar la información de dicho proyecto, sin obtener respuesta alguna.;;C;
P0029;--;FAP;N;Y;Y;Y;N;N;N;Banda transportadora 40 m;2012-02-06 12:00:00;M;4;100;N;0000-00-00 00:00:00;2012-02-21 12:00:00;;;A;D-4532-12
P0030;Calderas ITC;FAP;N;Y;N;Y;N;N;N;Stacker para tornillo transportador Ø 5" de dimensiones especificadas en plano.";2012-02-04 12:00:00;M;3;100;N;0000-00-00 00:00:00;2012-02-07 12:00:00;Se realiza actualización de la cotización para fines de compra.;;A;D-3069-12
P0031;Coposa;DSC;N;Y;N;Y;N;N;N;Distintos tornillos transportadores de acuerdo a especificaciones de clientes.;2012-02-10 12:00:00;B;3;10;N;2012-03-12 12:00:00;2012-02-12 12:00:00;La información suministrada por el cliente es confusa e incompleta.;;C;
P0032;Inversiones Huza;FAP;N;Y;N;N;N;N;N;Componentes para banda transportadora;2012-02-15 12:00:00;B;2;10;N;0000-00-00 00:00:00;2012-02-17 12:00:00;La solicitud de cotización correspondía a un proyecto manejado directamente con el cliente.;;C;
P0033;Tecnintegral;DSC;N;Y;N;Y;N;N;N;Cotizar de acuerdo a planos suministrados el valor por tramo para distintos tipos de tornillos;2012-02-18 12:00:00;MA;6;50;Y;2012-02-22 12:00:00;2012-02-22 12:00:00;Solo fue posible cotizar los tipos estándar debido a que los planos debían ser entregados en la fecha limite.;R2;A;
P0034;Jorge Bernal;AGM;N;Y;N;Y;N;N;N;Banda transportadora horizontal de 24" x 18 m, banda horizontal de 36" x 12 m";2012-02-20 12:00:00;A;4;100;N;0000-00-00 00:00:00;2012-02-21 12:00:00;;;A;
P0035;Infatel;AGM;N;Y;N;Y;N;N;N;Tornillo con D = 400 mm, Tipo = canoa, L = 2 m";2012-02-24 12:00:00;M;3;25;N;0000-00-00 00:00:00;2012-02-26 12:00:00;Superamos el tiempo limite para entrega de cotización.;;C;
P0036;Pulverizado Manizales;FAP;N;Y;N;Y;N;N;N;Tornillo con L = 2 m, Q = 50 kg-min, densidad = 2.6 kg-dm³";2012-02-28 12:00:00;M;3;20;N;0000-00-00 00:00:00;2012-03-03 12:00:00;;;C;
P0037;Cooper Crouse-Hinds;DSC;N;Y;N;Y;Y;Y;Y;2 Tornillos transportadores, 2 bandas subterráneas, 1 elevador de cangilones. Para circuito cerrado de 2,5 T-h;2012-02-29 12:00:00;A;6;40;N;2012-03-08 12:00:00;2012-03-03 12:00:00;Los dos tornillos transportadores son reemplazados por un elevador de cangilones y una compuerta neumática de alimentación. El cliente no respondió a las inquietudes respecto a la distribución de la planta.";;C;
P0038;Canal de Panamá;FAP;N;Y;N;Y;Y;N;N;2 tambores secadores de acuerdo a especificaciones del manual.;2012-03-02 12:00:00;A;10;100;N;2012-04-09 12:00:00;2012-04-10 12:00:00;Tener muy en cuenta que el material a manejar es caliente, por lo tanto, no puede girar sobre ruedas, debe estar sobre laminas roladas.;R3;A;
P0039;Central de Combustibles;FAP;N;Y;N;Y;Y;N;Y;3 bandas transportadoras con longitud de 15 m y ?H 6 m ó Una sola banda con cambios de material.;2012-03-02 12:00:00;M;5;100;N;0000-00-00 00:00:00;2012-03-14 12:00:00;A espera de confirmación de datos de operación por parte del cliente. Es necesario cotizar el montaje y dar un listado de precios al cliente";;A;D-4000-12
P0040;Tecnopotencia;DSC;N;N;Y;N;N;N;N;Calculo de potencias para banda transportadora.;2012-03-12 12:00:00;B;4;100;N;2012-03-12 12:00:00;2012-03-12 12:00:00;;;A;
P0041;Cerrejón;AGM;Y;Y;N;N;Y;N;N;Segunda etapa del proceso de licitación.;2012-03-12 12:00:00;MA;9;100;Y;2012-03-15 12:00:00;2012-03-15 12:00:00;Responder todas las preguntas asociadas al tema.;;A;
P0042;Bulktrading;AGM;N;Y;Y;Y;N;N;N;Tolva con capacidad de 2 a 3 m³. Q de 20 TPH y tamaño de grano 14" de entrada salida 2";2012-03-12 12:00:00;M;5;45;N;2012-03-12 12:00:00;2012-03-15 12:00:00;Pedir información a fredy referente a los trituradores;;C;
P0043;Industrias Protón;DSC;N;Y;Y;Y;Y;N;N;Tornillo transportador Q 500 kg-h, 1,7 m. Banda transportadora 13 m, 800 mm, Q 2 tph.";2012-03-10 12:00:00;B;4;100;N;2012-03-14 12:00:00;2012-03-16 12:00:00;;;A;
P0044;Colceramica;DSC;N;Y;Y;Y;Y;N;N;Doble mesa vertical con doble rodillo, retráctil para facilitar ;2012-03-17 12:00:00;A;6;100;N;2012-03-21 12:00:00;2012-03-26 12:00:00;Ya existen antecedentes de cotización, para CAV se cotizó algo similar. Se realizan planos de prediseño y cotización";;A;D-3193-12
P0045;Provias;FAP;N;Y;N;Y;N;N;N;Pantallas de impacto para Molino impactor MIS-40. Pantallas antidesgaste laterales y sistemas tensores.";2012-03-17 12:00:00;MA;7;100;N;2012-03-21 12:00:00;2012-03-21 12:00:00;Se cotizará teniendo en cuenta información de ventas anteriores. Además de los planos para las pantallas de impacto. Se agrega el requerimiento de las pantallas laterales antidesgaste y los sistemas tensores. El cliente es referenciado como Napoleón Gutiérrez";R2;A;D-3176-12
P0046;Sicmec Ltda;FAP;N;Y;N;Y;N;N;N;Precios de rodilleria y tambores de cabeza;2012-03-21 12:00:00;M;4;100;Y;2012-03-21 12:00:00;2012-03-21 12:00:00;Todos los precios deben ser nacionales;R2;A;
P0047;Agregados;DSC;N;N;Y;N;N;N;N;Calculo y comparación de capacidades para bandas transportadora de 24" y 18" con longitud de 11 m";2012-03-14 12:00:00;M;4;100;N;2012-03-14 12:00:00;2012-03-14 12:00:00;Se envía la comparación para sustentar la selección del equipo de 24". Se agrega solicitud de precios de motores de 5HP";;A;
P0048;Universidad Nacional;DSC;N;Y;N;Y;Y;N;N;Quemador para secador solar;2012-03-21 12:00:00;B;5;10;N;2012-03-23 12:00:00;2012-03-23 12:00:00;Tener en cuenta la cotización anterior para U.N y aumentar los precios. El cliente no tiene clara la compra del equipo y por tal motivo se cancela.";;C;
P0049;Carbosocha;DSC;N;N;Y;N;N;N;N;Calculo para banda de 24" x 160 m x 0° Y Banda 24" x 10 m x 0° Ambas con capacidad de 50 TPH";2012-03-22 12:00:00;B;4;100;N;2012-03-23 12:00:00;2012-03-26 12:00:00;;;A;
P0050;Cerrejón;AGM;Y;Y;N;N;Y;N;N;Tercera etapa de aclaraciones en el proceso de mantenimiento de componentes de banda;2012-03-24 12:00:00;MA;7;100;Y;2012-03-28 12:00:00;2012-03-28 12:00:00;Responder a las inquietudes presentadas por el Cerrejón;;A;
P0051;Vulcatec;DSC;N;Y;N;Y;N;N;N;Cotización de banda transportadora 24" x 10 m x 0°. Rodillos CEMA C 5" @ 35°, tambores de cabeza y cola 12";2012-03-27 12:00:00;M;3;100;N;2012-03-28 12:00:00;2012-03-29 12:00:00;No se solicita cotizar potencia ni soportes para la banda;;A;
P0052;Smart Concrete;DSC;N;Y;Y;Y;N;N;N;Banda para agregados, 190 tph con altura de salida de 4 m y angulo max de 17°;2012-03-29 12:00:00;M;5;100;N;2012-03-30 12:00:00;2012-03-30 12:00:00;;;A;
P0053;-;DSC;N;Y;N;Y;N;N;N;Rodillos de carga, impacto y retorno de 4 1-2" para banda de 24" @ 35°, con puntas estandar ";2012-04-04 12:00:00;M;4;100;N;0000-00-00 00:00:00;2012-04-09 12:00:00;;;A;
P0054;Dismet S.A.S.;JSE;N;N;Y;N;N;N;N;Crear con ayuda del ingeniero Ronald y Mauricio Silva, los parametros generales de creación de materiales para el ERP;2012-04-04 12:00:00;A;10;100;N;0000-00-00 00:00:00;2012-05-18 12:00:00;Se hace la entrega de todos los datos referentes al listado maestro de materiales, y concernientes al alcance del departamento de presupuestos.;;A;
P0055;CANAC Ltda;DSC;N;Y;N;Y;N;N;N;Componentes para banda transportadora de 20" Estación de carga, retorno e impacto de 3 1-2" x 23" con eje de 20 mm.";2012-04-09 12:00:00;A;4;100;N;2012-04-11 12:00:00;2012-04-11 12:00:00;No disponemos de componenetes para banda transportadora de 20";;A;
P0056;Mancofer;WAV;N;Y;N;N;N;N;N;Rodillo de impacto de 7" x 4 1-2" con eje de 11" x 1-2" Rodillo de retorno 56 cm x 4 1-2" con eje 20 mm x 64 cm";2012-04-12 12:00:00;M;3;100;N;0000-00-00 00:00:00;2012-04-26 12:00:00;;;A;D-3240-12
P0057;Agrecar;FAP;N;Y;N;Y;N;N;N;Estaciones triples de carga para bandas de 30", 24" y 20" @ 35°";2012-04-16 12:00:00;A;3;100;N;2012-04-16 12:00:00;2012-04-16 12:00:00;;;A;D-3222-12
P0058;Agregados Nacionales;FAP;N;Y;N;Y;N;N;N;Estaciones de carga 4 1-2" x 290 x 330 (Cant. 60) y estaciones de retorno 4 1-2" x 860 x 1200 (Cant. 12)";2012-04-17 12:00:00;A;3;100;N;2012-04-17 12:00:00;2012-04-17 12:00:00;;;A;
P0059;Ingeacabados;WAV;N;Y;Y;Y;N;N;N;Banda transportadora de 24" x 7.2 m @ 0°,banda de 390mm x 5 m @ 2,4 m (descarga) y banda de 710 mm x 5.5 m @ 1.4 m";2012-04-17 12:00:00;M;6;10;N;2012-04-18 12:00:00;2012-04-18 12:00:00;Esperar confirmación por Fredi para cotizar, el cliente es de medellin.;;A;
P0060;Eduardo Zuñiga;FAP;Y;N;N;N;N;N;N;creación de OT para 2 tornillos sin fin iguales a los referenciados en la OT-1447;2012-04-19 12:00:00;A;2;100;Y;2012-04-19 12:00:00;2012-04-19 12:00:00;Se debe enviar la factura al correo  facesas.zs@gmail.com Ant. Florinda;;A;D-3224-12
P0061;John Ripper;DSC;N;Y;N;Y;N;N;N;Tornillo transportador de 12" x 1200 mm paso de 10" y punta de eje de potencia de 1 1-2";2012-04-19 12:00:00;A;3;10;N;2012-04-20 12:00:00;2012-04-22 12:00:00;Se vence el tiempo de cotización.;;C;
P0062;Industrias Metalmecanicas Jose A. Molano;JSE;N;Y;Y;Y;N;N;N;Cama de rodillos de 38 cm de ancho x 80 cm de largo para manejo de bandejas de 13 kg;2012-04-19 12:00:00;A;4;10;Y;2012-04-20 12:00:00;2012-04-22 12:00:00;Enviar cotización al correo imjosemolano@yahoo.es El tipo de aplicación no es pertinente al foco de negocio de Dismet S.A.S.";;C;
P0063;Cliensa;FAP;N;Y;N;Y;N;N;N;Rodillos de acuerdo a lo solicitado por el cliente: 10 limpiantes de retorno, 24 de carga, 33 de impacto, 30 de retorno y 17 estaciones para banda de 24". 8 lipiantes de retorno, 18 de carga, 12 de impacto, 9 de retorno para banda de 30.";2012-04-20 12:00:00;A;5;100;N;2012-04-21 12:00:00;2012-04-21 12:00:00;;;A;
P0064;Agrecar;FAP;N;Y;Y;Y;N;N;N;Bandas transportadoras de acuerdo a especificaciones: 30" x 25 m, 30" x 23 m, 24" x 18 m, 24" x 12 m, 24" x 15 m, 24" x 45 m";2012-04-23 12:00:00;MA;7;10;N;2012-04-24 12:00:00;2012-04-25 12:00:00;El proceso es tomado por Fredy en vista de mi ausencia.;;C;
P0065;Fiberglass;DSC;N;Y;N;Y;N;N;N;Rodillos de carga 3" x 170 mm x 220 mm - Cant. 20. Rodillos de retorno 3" x 570 mm x 650 mm - Cant. ";2012-04-23 12:00:00;A;3;100;N;2012-04-23 12:00:00;2012-04-23 12:00:00;;;A;
P0066;Carboquimica;AGM;N;Y;N;Y;N;N;N;Elevador de cangilones en acero inoxidable, ramba de acceso y tolva de alimentación;2012-04-26 12:00:00;MA;6;100;N;2012-04-26 12:00:00;2012-04-26 12:00:00;;;A;D-3244-12
P0067;LHS;FAP;N;Y;N;Y;N;N;N;Rodillo de retorno 4 1-2" x 850 x 890 mm, con cuadrante de 1-2";2012-04-27 12:00:00;MA;2;100;N;2012-04-27 12:00:00;2012-04-27 12:00:00;;;A;D-3248-12
P0068;Pacific Stone;AGM;Y;Y;N;Y;Y;N;N;Bandas transportadoras, elevadores de cangilones molinos de impacto chutes y estructuras en general de acuerdo a las especificaciones del cliente.;2012-04-25 12:00:00;MA;9;100;Y;2012-05-02 12:00:00;2012-05-02 12:00:00;;;A;D-3259-12
P0069;Herrera Ingenieria;FAP;N;Y;N;Y;N;N;N;50 rodillos para banda de 24" de longitud 9 1-2";2012-05-02 12:00:00;MA;2;100;N;2012-05-02 12:00:00;2012-05-03 12:00:00;;R1;A;D-3410-12
P0070;Trailersman;FAP;Y;N;N;N;N;N;N;Estación de carga 4" para banda de 24" Cant. 11. Estación de retorno 4" con soporte para banda de 24" Cant. 4.Tambor de Cabeza 12" encauchetado eje 2" 1045. Tambor de cola 12" aspas, eje 2" 1045 Cant. 1. Tambor de cola 12" aspas, eje 2" 1045 Cant. 1.Tensor cantonera, tornillo cincado 1", par.";2012-05-02 12:00:00;MA;3;100;N;2012-05-02 12:00:00;2012-05-02 12:00:00;;;A;D-3261-12
P0071;Pavimentos Colombia;FAP;N;Y;Y;Y;N;N;N;Tornillos de 12" x 32' Cant. 2";2012-05-05 12:00:00;MA;7;100;N;2012-05-07 12:00:00;2012-05-11 12:00:00;Tener en cuenta los planos enviados por el cliente.;;A;D-3282-12
P0072;Manpro;DSC;N;Y;Y;Y;N;N;N;Tornillo para capacidad de 25 tph 8,6 m @ 0º Cant. 1, 70 tph 7,0 m @ 0º Cant. 1, 25 tph 4,4 m @ 0º Cant. 1, 25 tph 4,4 m @ 0º Cant. 1";2012-04-25 12:00:00;A;5;15;N;2012-05-08 12:00:00;2012-04-27 12:00:00;Se cunple el tiempo maximo de recepción de cotización.;;C;
P0073;Pacific Stone;FAP;N;Y;Y;Y;N;N;N;Actualización de los precios ofertados a Pacific Stone, incluyendo pasarelas;2012-05-07 12:00:00;MA;7;100;N;2012-05-09 12:00:00;2012-05-09 12:00:00;;R3;A;
P0074;ABC Plasticos;JSE;Y;Y;N;Y;N;N;N;Rodillos de 2" x 800 mm en dostipos: encauchetado y normal.";2012-05-09 12:00:00;A;2;100;N;0000-00-00 00:00:00;2012-05-09 12:00:00;No se oferta encauchetado, pero se propone el uso de cauchos de impacto.;;A;
P0075;PM Ingenieria y Calderas;FAP;N;Y;Y;Y;N;N;N;Tornillo transportador de 12" x 14 m para manejo de cascarilla de arroz.";2012-05-09 12:00:00;A;4;100;N;0000-00-00 00:00:00;2012-05-10 12:00:00;;;A;D-3276-12
P0076;Pacific Stone;FAP;Y;Y;N;Y;N;N;N;Revisar el tema a las cubiertas para poder completar adecuadamente la oferta.;2012-05-12 12:00:00;MA;5;100;N;2012-05-14 12:00:00;2012-05-16 12:00:00;Basarse en el presupuesto realizado para P.074;;A;
P0077;Provias;FAP;Y;N;N;N;Y;N;N;Montaje de placas de impacto para molino MIS-40;2012-05-14 12:00:00;MA;2;100;Y;2012-05-14 12:00:00;2012-05-14 12:00:00;;;A;D-3287-12
P0078;Agreganos Nacionales;FAP;Y;N;N;N;N;N;N;Repuestos para trituradora CT1252;2012-05-16 12:00:00;MA;2;100;Y;2012-05-16 12:00:00;2012-05-16 12:00:00;;;A;OT-1526
P0079;Vulcatec;JSE;Y;N;N;N;N;N;N;10 estaciones de carga B35-24 y 7 estaciones de retorno CR-24.;2012-05-16 12:00:00;MA;2;100;Y;2012-05-16 12:00:00;2012-05-16 12:00:00;;;A;OT-1527
P0080;Conalcreto Ltda;AGM;N;Y;N;Y;N;N;N;3 Artesas de impacto, 18 Artesas de carga, 5 de retorno, 2 de tambores de cabeza y 2 tambores de cola.;2012-05-14 12:00:00;MA;5;100;N;2012-05-16 12:00:00;2012-05-17 12:00:00;;;A;D-3294-12
P0081;PM Ingenieria y Calderas;FAP;N;Y;Y;Y;N;N;N;Tornillo transportador de 6" x 2,5 m ducto de entrada de longitud 1000 mm";2012-05-17 12:00:00;M;4;10;N;2012-05-17 12:00:00;2012-05-17 12:00:00;El proceso es tomado por Fredy.;;C;
P0082;Pavimentos Colombia;FAP;N;Y;N;Y;N;N;N;Rodillo de carga 4 1-2" x 15", rodillo  de impacto 4 1-2" x 15", rodillo de retorno 48", Todos con puntas hexagonales";2012-05-18 12:00:00;B;3;100;N;0000-00-00 00:00:00;2012-05-18 12:00:00;Se suministran los precios a FAP;;A;
P0083;Trailersman;FAP;N;Y;N;Y;N;N;N;Componentes para banda de 30" x 20 m. Zaranda de 1,5 x 4,5 m - 2 deck";2012-05-18 12:00:00;M;4;100;N;0000-00-00 00:00:00;2012-05-22 12:00:00;Se envia similar a la cotización realizada con anterioridad.;;A;D-3301-12
P0084;Cemex;JMR;Y;N;Y;N;N;N;N;Calculos de potencia para 12 bandas transportadoras.;2012-05-18 12:00:00;A;4;100;Y;2012-05-18 12:00:00;2012-05-18 12:00:00;Se envian los datos de potencias calculadas al gestor comercial.;;A;
P0085;Improintec;JSE;Y;N;N;N;N;N;N;Enviar información de las zarandas TRIO y las zarandas fabricadas por Dismet, tambien la información requerida para poder realizar una cotización.;2012-05-23 12:00:00;M;2;100;N;0000-00-00 00:00:00;2012-05-23 12:00:00;Se envia información a la espera de recibir retroalimentación en los proximos días.;;A;
P0086;Coel Ingenieria Ltda;DSC;N;Y;Y;Y;N;N;N;Tornillo transportador para dosificación de concreto 20 tph. Longitud 4100 mm Cant. 1, Longitud 6000 mm Cant. 1, Inclinación 17º, diam. 8";2012-05-23 12:00:00;A;4;100;N;2012-05-23 12:00:00;2012-05-24 12:00:00;Enviar a correo:alozano@coelingenieria.com, 4073737 - 3166469499";;A;
P0087;Manpro;FAP;N;Y;Y;Y;N;N;N;Tonillos con las siguientes caracteristicas: tornillo de 8,6 m - 25 tph cant. 1, tornillo 7,0 m - 70 tph cant. 1, tornillo de 4,4 m - 25 tph cant. 2. Todos con sistema de potencia, acople y trasnmisión.";2012-05-23 12:00:00;A;6;100;N;0000-00-00 00:00:00;2012-05-31 12:00:00;El material a transportar es Harina de crudo, densidad de 0,855 t/m³, granulometria de malla 200 = 75 micras, humedad 1%, abrasivo.;;A;
P0088;Efren Urrutia;AGM;N;Y;N;Y;N;N;N;6 rodillos de retorno 3 1-2" x 600 mm. 2 tambores 12" x 600 mm con eje de 80 mm, con manguitos de fijación. 30 estaciones de carga de 4 1-2" x 7" @ 30º, 6 estaciones de impacto de las mismas dimensiones.";2012-05-23 12:00:00;MA;4;100;N;2012-05-24 12:00:00;2012-05-24 12:00:00;;;A;D-3313-12
P0089;Agregados Nacionales;FAP;N;Y;N;Y;N;N;N;Banda transportadora 24" x 6 m rodillos CEMA C de 5" @ 35º, en canal C de 6";2012-05-24 12:00:00;MA;3;100;Y;2012-05-24 12:00:00;2012-05-24 12:00:00;;;A;
P0090;Pavimentos Colombia;FAP;Y;Y;N;N;N;N;N;Cotizar componentes para banda de 42" Carga, Impacto, Retorno y tambores";2012-05-24 12:00:00;MA;4;100;Y;2012-05-24 12:00:00;2012-05-24 12:00:00;;;A;D-3310-12
P0091;--;FAP;N;Y;N;Y;N;N;N;Bandas transportadoras de: 36" x 20 m cant. 1, 30" x 20 m cant. 1, 24" x 18 m cant. 3. Todas fabricadas en canal C de 6";2012-05-24 12:00:00;M;5;10;N;2012-05-25 12:00:00;2012-05-26 12:00:00;El proceso ;;C;
P0092;BMG S.A.S.;HAG;Y;Y;N;Y;N;N;N;Bandas transportadoras para planta de trituración.;2012-05-24 12:00:00;A;6;100;N;2012-05-25 12:00:00;2012-05-29 12:00:00;;;A;
P0093;Efren Urrutia;JSE;Y;Y;Y;N;N;N;N;Actualización de precio para tambor ofertado en D-3313-12, aumentando el diametro del eje a 3 1-2";2012-05-26 12:00:00;A;3;100;N;2012-05-26 12:00:00;2012-05-26 12:00:00;;;A;
P0094;IM Ingenieria;FAP;N;Y;N;Y;N;N;N;Componentes para banda de 20" @ 35º, 19 estaciones de carga, 8 estaciones de impacto, 12 de estaciones de retorno. Todo en tuberia de 4" CEMA C";2012-05-28 12:00:00;A;3;100;N;2012-05-28 12:00:00;2012-05-28 12:00:00;;;A;D-3320-12
P0095;Pacific Stone;FAP;Y;N;N;N;N;N;N;De acuerdo a la cotización enviada por Rexnord, organizar la cottización al respecto.;2012-05-30 12:00:00;MA;2;100;N;2012-05-30 12:00:00;2012-05-30 12:00:00;;;A;
P0096;Bandas y Bandas;JSE;N;Y;N;Y;N;N;N;Rodillos de carga e impacto para bandas de 32" y 38", de diametro 4";2012-05-31 12:00:00;M;2;100;N;2012-06-01 12:00:00;2012-06-05 12:00:00;Enviar correo a ventas2@bandasybandasltda.com;;A;D-3340-12
P0097;--;FAP;N;Y;Y;Y;N;N;N;Tornillo transportador 6" de diametro";2012-06-01 12:00:00;A;3;100;N;2012-06-01 12:00:00;2012-06-05 12:00:00;;R1;A;
P0098;Rocio;HAG;N;Y;N;Y;N;N;N;Bandas transportadoras de las siguientes caracteristicas: 36" x 10 m - Cant. 1 30" x 20 m - Cant. 1 30" x 12 m - Cant. 1 18" x 18 m - Cant. 3";2012-06-02 12:00:00;M;4;100;N;2012-06-02 12:00:00;2012-06-02 12:00:00;;;A;
P0099;Biogreen;FAP;Y;N;N;N;N;N;N;Actualizar ofertas para valvulas linatex. Referencias ";2012-06-01 12:00:00;A;2;100;N;2012-06-01 12:00:00;2012-06-01 12:00:00;;;A;D-3333-12
P0100;Vulcatec;JSE;N;Y;N;Y;N;N;N;5 estaciones de carga autoalineante para banda de 36";2012-06-04 12:00:00;M;2;100;N;0000-00-00 00:00:00;2012-06-05 12:00:00;Esta cotización hace parte de una oferta con componentes TRIO para banda de 36" Estacion de impacto, estación de retorno";;A;D-3337-12
P0101;Provias;AGM;Y;N;N;N;N;N;N;Martillos para molino MIS-40. Precio unitario $ 564.300,00";2012-06-04 12:00:00;A;2;100;N;2012-06-04 12:00:00;2012-06-05 12:00:00;La gerencia aprueba un descuento del 10% y froma de pago 15 días F.F.;;A;D-3336-16
P0102;Ingeniería de Vías;AGM;Y;Y;N;N;N;N;N;Redactar cotización para componentes de trituradora de acuerdo a cotización guía.;2012-06-05 12:00:00;MA;3;100;N;2012-06-05 12:00:00;2012-06-05 12:00:00;;;A;D-3343-12
P0103;--;FAP;N;Y;N;Y;N;N;N;Banda transportadora de 24" x 18 m para el manejo de arena, se deben reemplazar las estaciones de impacto por estaciones de carga. La estructura debe estar hecha en Canal C de 6";2012-06-06 12:00:00;M;4;100;N;2012-06-06 12:00:00;2012-06-07 12:00:00;;;A;
P0104;--;JMR;Y;N;Y;N;N;N;N;Cálculo de banda transportadora: 780 m @ 14º, dens 0,8 T-m³, Vel 1,6 a 1,8 m-s, 200 Tph, BW 48";2012-06-06 12:00:00;A;3;100;N;2012-06-06 12:00:00;2012-06-06 12:00:00;;;A;
P0105;Import Honduras;DSC;N;Y;Y;Y;N;N;N;Elevador de cangilones en acero inoxidable, para el manejo de Naranja. 4 tph x 11 m de altura;2012-06-07 12:00:00;A;4;70;N;2012-06-07 12:00:00;2012-06-09 12:00:00;;;P;
P0106;Canal de Panamá;FAP;Y;N;N;N;N;N;N;Realizar la cotización para el proyecto P.039 ;2012-06-12 12:00:00;MA;5;100;N;2012-06-12 12:00:00;2012-06-13 12:00:00;Se entrega la información solicitada al Ing. David Salamanca.;;A;
P0107;Talleres Mamutt;JSE;Y;Y;N;N;N;N;N;Componentes para banda de 30" 30 estaciones CEMA B de 4";2012-06-12 12:00:00;M;3;100;N;2012-06-13 12:00:00;2012-06-14 12:00:00;Enviar al correo tmamutt@gmail.com. Tel: 4276191/92";;A;D-3321-12
P0108;PM Ingenieria y Calderas;FAP;N;Y;N;Y;N;N;N;Dos Staker para tornillo transportador de 124 mm de diametro, 3100 mm de longitud, paso de 300 mm, 200 mm de punta coninca, puntas de eje en SAE 1045 1 1-2" ";2012-06-13 12:00:00;M;5;100;N;2012-06-13 12:00:00;2012-06-13 12:00:00;;;A;D-3353-12
P0109;Ropim Perú S.A.C.;DSC;Y;Y;Y;Y;N;N;N;Bandas trasnportadoras para el manejo de agregador 2,1 T-m³ 24" x 48 m @ 0º - Cant. 1 24" x 60 m @ 0º - Cant. 1";2012-06-14 12:00:00;MA;4;100;N;0000-00-00 00:00:00;2012-06-15 12:00:00;;;A;
P0110;DKM Ltda;AGM;Y;Y;N;N;N;N;N;Equipos y componentes para planta de trituración.;2012-06-14 12:00:00;MA;4;100;N;0000-00-00 00:00:00;2012-06-15 12:00:00;;;A;
P0111;Ropim Perú S.A.C.;DSC;Y;N;N;N;N;N;N;Motorreductor 20 HP con salida de 44 rpm;2012-06-16 12:00:00;M;2;100;Y;2012-06-16 12:00:00;2012-06-16 12:00:00;Esta cotización debe ser agregada al P.110 con base a la recomendación del Ingeniero Alfredo y el valor de potencia dado por el cliente. El costo del motorreductor es entregado a David Salamanca.";;A;
P0112;Agregados del Meta S.A.S.;FAP;N;Y;N;Y;N;N;N;Rodillos 4 1-2" x 25 cm x 30 cm - Cant. 9 Rodillos 3 7-16 x 25 cm x 30 cm - Cant. 4 Rodillos 2 6-16" x 80 cm x 90 cm - Cant. 6 Todos con puntas estandar.";2012-06-16 12:00:00;M;3;100;N;2012-06-16 12:00:00;2012-06-16 12:00:00;;;A;D-3358-12
P0113;Ingebandas Ltda;FAP;N;Y;N;Y;N;N;N;Rodillo de carga 3 1-2" x 240 mm - Cant. 90 Rodillo de retorno 3 1-2" x 750 mm - Cant. 14";2012-06-19 12:00:00;A;2;100;Y;2012-06-16 12:00:00;2012-06-16 12:00:00;Adicionalmente se cotizan las artesas para rodillos de carga.;;A;D-3361-12
P0114;Dismet S.A.S.;AGM;Y;N;N;N;N;N;N;Recopilar información de todos los proyectos realizados para Holcim en los ultimos 2 años. Realizar informe que incluya el valor del contrato, tiempo, referencias, etc.";2012-06-20 12:00:00;A;4;70;N;2012-06-22 12:00:00;2012-06-26 12:00:00;;;P;
P0115;Inversiones Arroz Caribe S.A.;FAP;N;Y;N;Y;N;N;N;Tornillo transportador de diametro 8" x 4,5 m 12" x 8,5 m 10" x 29,1 m. Con aletas de aire sin nucleo, canales, tapas, rodamientos, ejes y base de instalación del motor.";2012-06-22 12:00:00;A;5;10;N;2012-06-27 12:00:00;2012-06-26 12:00:00;Es necesario aclarar el tema de las aletas de aire.;;C;
P0116;Esgamo;JSE;Y;Y;N;N;N;N;N;Repuestos Cono TC, Resorte Ref. TC 360 4005 Cant. 40, Housing para resortes Ref. TC 360 4006 Cant. 24";2012-06-22 12:00:00;B;5;100;N;0000-00-00 00:00:00;2012-06-26 12:00:00;Consultar los precios con Fredy;;A;D-3368-12
P0117;EnorChile;DSC;N;Y;Y;Y;N;N;N;Tornillo transportador para manejo de carbon o madera, diametro de 200 mm x 1 m;2012-06-25 12:00:00;M;4;10;N;0000-00-00 00:00:00;2012-06-28 12:00:00;El cliente no responde a las aclaraciones solicitadas.;;C;
P0118;F&D;JSE;Y;Y;N;N;N;N;N;Raspadores secundarios para bandas transportadoras de ancho: 90", 60", 24", 18".";2012-06-23 12:00:00;M;3;100;N;2012-06-25 12:00:00;2012-06-27 12:00:00;A espera de respuesta por parte de American Eagle para poder cotizar. Enviar cotización al correo fyd@fyd.com.co";;A;
P0119;Cementos Tequendama;FAP;Y;Y;N;Y;Y;N;N;Elevadores de cangilones para Harina.;2012-06-25 12:00:00;A;6;10;N;2012-06-28 12:00:00;2012-06-27 12:00:00;;;P;
P0120;Colmecol;JSE;N;Y;N;Y;N;N;N;Bandas trasnportadoras: 42" x 52 m @ 16º - 500 TPH x 40 HP 30" x 20 m @ 16º - 300 TPH x 20 HP, Ambas con pasarela de 800 mm, ANL 250 ";2012-06-25 12:00:00;MA;4;80;N;2012-06-26 12:00:00;2012-06-27 12:00:00;Enviar oferta a comercial@colmecol.com T: 7587489, C: 3144619416, Sobrepasa el tiempo de envio.";;C;
P0121;Esgamo;JSE;Y;Y;N;N;N;N;N;Repuestos para molino CURTAIN LINER PART No. APS4054.3-1, Cant. 30, WEDGE (RH) PART N° AP4034.2.1.-1, Cant. 4, WEDGE (LH) PART N° AP4034.2.1-2, Cant. 4";2012-06-26 12:00:00;MA;3;100;N;2012-06-28 12:00:00;2012-06-27 12:00:00;A espera de aprobación de Fredy;;A;D-3374-12
P0122;Producciones C.A.;DSC;Y;Y;Y;Y;N;N;N;Mesa de rodillos de 2 m x 0,5 m;2012-06-28 12:00:00;B;3;100;N;0000-00-00 00:00:00;2012-06-28 12:00:00;;;A;
P0123;Inversiones Robila;JSE;Y;Y;N;Y;N;N;N;24 rodillos de diámetro 72 mm x 274 mm, 6 rodillos de diámetro 72 mm x 540 mm";2012-06-29 12:00:00;A;2;100;N;0000-00-00 00:00:00;2012-06-29 12:00:00;;;A;D-3376-12
P0124;PM Ingenieria y Calderas;JSE;Y;Y;N;N;N;N;N;Staker para tornillo transportador de 124 mm de diametro, 2600 mm de longitud, paso de 300 mm, 200 mm de punta coninca, puntas de eje en SAE 1045 1 1-2" ";2012-06-29 12:00:00;A;3;100;N;0000-00-00 00:00:00;2012-06-30 12:00:00;Basarse en el presupuesto realizado para P.109;;A;D-3377-12
P0125;Provias;JSE;Y;N;N;N;N;N;N;Realizar informe referente al analisis realizado a la fundición de las placas de impacto para el molino MIS-40.;2012-06-30 12:00:00;M;2;100;N;2012-07-03 12:00:00;2012-07-03 12:00:00;Se envia informe de uso interno para tomar una desición respecto a la garantia de las placas de impacto.;;A;
P0126;Holcim Puente Aranda;JSE;Y;Y;N;N;N;N;N;Cotización de rejillas y soportes para 22 m, tomando de referencia las vendidas con la cotización D-3074B-12;2012-06-30 12:00:00;M;2;100;N;0000-00-00 00:00:00;2012-07-03 12:00:00;;;A;D-3380-12
P0127;Santiago Luna;JSE;N;Y;N;Y;N;N;N;Rodillos de 25 cm de largo con cuadrante de 1-2" eje de 7-8" diametro de 8 cm";2012-07-03 12:00:00;B;2;50;N;0000-00-00 00:00:00;2012-07-05 12:00:00;;;P;
P0128;Cemex Caracolito;FAP;Y;Y;N;Y;N;N;N;Tolva según planos, con lamina antidesgaste.;2012-07-03 12:00:00;A;2;80;N;0000-00-00 00:00:00;2012-07-05 12:00:00;;;P;
P0129;Inversiones Robila;JSE;Y;Y;N;Y;N;N;N;Rodillo con diámetro exterior de 73 mm x 182 mm, eje de 7-8" x 212 mm, Cantidad 3, 6Rodillo diametro 73 mm x 470 mm, eje 7-8" x 510 mm con puntas estandar, Cantidad 6";2012-07-03 12:00:00;M;2;100;Y;2012-07-04 12:00:00;2012-07-06 12:00:00;;;A;D-3385-12
P0130;Concay S.A.;DSC;N;Y;Y;Y;N;N;N;Bandas trasnportadoras, de apilamiento, cantidad 3, longitud 18 m, cinta de 24", velocidad de 1,5 m-s, con reductores Dodge.";2012-07-05 12:00:00;M;5;40;N;2012-07-09 12:00:00;2012-07-08 12:00:00;;;P;
P0131;Ropim;JSE;Y;Y;N;N;N;N;N;Cauchos para rodilleria de diametro externo 89, diametro interno de 60 y ancho de 38 mm;2012-07-06 12:00:00;B;2;100;N;0000-00-00 00:00:00;2012-07-06 12:00:00;;;A;D-3388-12
P0132;Agrecar;FAP;Y;N;Y;N;N;N;N;Calculo de potencias para bandas transportadoras del proyecto --;2012-07-06 12:00:00;MA;5;100;N;2012-07-06 12:00:00;2012-07-06 12:00:00;;;A;
